<?xml version="1.0" encoding="utf-8"?>
<theme>
	<name>default</name>
	<description>Default base theme</description>
	<date>April 2010</date>
	<version>1.0.0</version>
	<author>JoomlArt</author>
	<copyright>JoomlArt</copyright>
	<!--Extra css load for this theme-->
	<stylesheets>
		<file>css/addons.css</file>
		<file compatible="3.0">css/template-j30.css</file>
		<file compatible="3.0">/media/jui/css/icomoon.css</file>
	</stylesheets>
	<scripts>
		<file>js/core.js</file>
	</scripts>
	<params>
	</params>
</theme>
