<?xml version="1.0" encoding="utf-8"?>
<!-- @version 			$Id:$ -->
<!-- @name			    Wstools (Release 1.0.0) -->
<!-- @author			 () -->
<!-- @package			com_wstools -->
<!-- @subpackage		com_wstools.admin -->
<!-- @copyright		     -->
<!-- @license			GNU General Public License version 3 or later; See http://www.gnu.org/copyleft/gpl.html -->

<!-- The following Component Architect header section must remain in any distribution of this file -->

<!-- @CAversion			Id: access.xml 408 2014-10-19 18:31:00Z BrianWade $ -->
<!-- @CAauthor		    Component Architect (www.componentarchitect.com) -->
<!-- @CApackage		    architectcomp -->
<!-- @CAsubpackage	    architectcomp.admin -->
<!-- @CAtemplate		joomla_3_3_standard (Release 1.0.3) -->
<!-- @CAcopyright		Copyright (c)2013 - 2014  Simply Open Source Ltd. (trading as Component Architect). All Rights Reserved -->
<!-- @Joomlacopyright   Copyright (c)2005 - 2014 Open Source Matters, Inc. All rights reserved. -->
<!-- @CAlicense		    GNU General Public License version 3 or later; See http://www.gnu.org/copyleft/gpl.html -->

<!-- This program is free software: you can redistribute it and/or modify it under the terms of the GNU General Public License as published by -->
<!-- the Free Software Foundation, either version 3 of the License, or (at your option) any later version. -->

<!-- This program is distributed in the hope that it will be useful, but WITHOUT ANY WARRANTY; without even the implied warranty of -->
<!-- MERCHANTABILITY or FITNESS FOR A PARTICULAR PURPOSE.  See the GNU General Public License for more details. -->

<access component="com_wstools">
    <section name="component">
        <action name="core.admin" title="JACTION_ADMIN" description="JACTION_ADMIN_COMPONENT_DESC" />
        <action name="core.manage" title="JACTION_MANAGE" description="JACTION_MANAGE_COMPONENT_DESC" />
        <action name="core.create" title="JACTION_CREATE" description="JACTION_CREATE_COMPONENT_DESC" />
        <action name="core.edit" title="JACTION_EDIT" description="JACTION_EDIT_COMPONENT_DESC" />
        <action name="core.edit.state" title="JACTION_EDITSTATE" description="JACTION_EDITSTATE_COMPONENT_DESC" />
        <action name="core.edit.own" title="JACTION_EDITOWN" description="JACTION_EDITOWN_COMPONENT_DESC" />
        <action name="core.delete" title="JACTION_DELETE" description="JACTION_DELETE_COMPONENT_DESC" />
        <action name="core.delete.own" title="COM_WSTOOLS_ACTION_DELETEOWN" description="COM_WSTOOLS_ACTION_DELETEOWN_COMPONENT_DESC" />
    </section>
    <section name="remotemedia">
        <action name="core.edit" title="JACTION_EDIT" description="JACTION_EDIT_COMPONENT_DESC" />
        <action name="core.edit.state" title="JACTION_EDITSTATE" description="JACTION_EDITSTATE_COMPONENT_DESC" />
        <action name="core.edit.own" title="JACTION_EDITOWN" description="JACTION_EDITOWN_COMPONENT_DESC" />
        <action name="core.delete" title="JACTION_DELETE" description="JACTION_DELETE_COMPONENT_DESC" />
        <action name="core.delete.own" title="COM_WSTOOLS_ACTION_DELETEOWN" description="COM_WSTOOLS_ACTION_DELETEOWN_COMPONENT_DESC" />
    </section>
</access>