<?xml version="1.0" encoding="utf-8"?>

<!-- @version 			$Id:$ -->
<!-- @name			    Car (Release 1.0.0) -->
<!-- @author			 () -->
<!-- @package			com_car -->
<!-- @subpackage		com_car.admin -->
<!-- @copyright		     -->
<!-- @license			GNU General Public License version 3 or later; See http://www.gnu.org/copyleft/gpl.html -->

<!-- The following Component Architect header section must remain in any distribution of this file -->

<!-- @CAversion			Id: architectcomp.xml 408 2014-10-19 18:31:00Z BrianWade $ -->
<!-- @CAauthor		    Component Architect (www.componentarchitect.com) -->
<!-- @CApackage		    architectcomp -->
<!-- @CAsubpackage	    architectcomp.admin -->
<!-- @CAtemplate		joomla_3_3_standard (Release 1.0.3) -->
<!-- @CAcopyright		Copyright (c)2013 - 2014  Simply Open Source Ltd. (trading as Component Architect). All Rights Reserved -->
<!-- @Joomlacopyright   Copyright (c)2005 - 2014 Open Source Matters, Inc. All rights reserved. -->
<!-- @CAlicense		    GNU General Public License version 3 or later; See http://www.gnu.org/copyleft/gpl.html -->

<!-- This program is free software: you can redistribute it and/or modify it under the terms of the GNU General Public License as published by -->
<!-- the Free Software Foundation, either version 3 of the License, or (at your option) any later version. -->

<!-- This program is distributed in the hope that it will be useful, but WITHOUT ANY WARRANTY; without even the implied warranty of -->
<!-- MERCHANTABILITY or FITNESS FOR A PARTICULAR PURPOSE.  See the GNU General Public License for more details. -->

<extension type="component" version="3.3" method="upgrade">
    <name>com_car</name>
    <author></author>
    <creationDate>April 2015</creationDate>
    <copyright>
    </copyright>
    <license>
        GNU General Public License version 3 or later; See http://www.gnu.org/copyleft/gpl.html
    </license>
    <authorEmail></authorEmail>
    <authorUrl></authorUrl>
    <version>1.0.0</version>
    <description>
    </description>
    <files folder="site">
        <filename>car.php</filename>
        <filename>controller.php</filename>
        <filename>index.html</filename>
        <filename>router.php</filename>
        <folder>controllers</folder>
        <folder>helpers</folder>
        <folder>language</folder>
        <folder>models</folder>
        <folder>views</folder>
    </files>
    <media destination="com_car" folder="media">
        <filename>index.html</filename>
        <folder>css</folder>
        <folder>images</folder>
        <folder>js</folder>
    </media>

    <administration>
        <!--
				Note that all & must be escaped to &amp; for the file to be valid
				XML and be parsed by the installer
			-->
        <menu img="../media/com_car/images/car.png"
              alt="Car">COM_CAR</menu>
        <submenu>
            <menu link="option=com_car&amp;view=drives" alias="drives" img="../media/com_car/images/car-drives.png"
                    alt="Car/Drives">COM_CAR_DRIVES</menu>
            <menu link="option=com_car&amp;view=models" alias="models" img="../media/com_car/images/car-models.png"
                    alt="Car/Models">COM_CAR_MODELS</menu>
            <menu link="option=com_car&amp;view=cars" alias="cars" img="../media/com_car/images/car-cars.png"
                    alt="Car/Cars">COM_CAR_CARS</menu>
            <menu link="option=com_categories&amp;extension=com_car" view="categories" img="../media/com_car/images/car-categories.png"
                    alt="Car/Categories">COM_CAR_CATEGORIES</menu>
        </submenu>

        <files folder="admin">
            <filename>access.xml</filename>
            <filename>config.xml</filename>
            <filename>car.php</filename>
            <filename>controller.php</filename>
            <filename>car_uninstall.html</filename>
            <filename>gpl-3.0.txt</filename>
            <filename>index.html</filename>
            <folder>controllers</folder>
            <folder>helpers</folder>
            <folder>language</folder>
            <folder>models</folder>
            <folder>tables</folder>
            <folder>sql</folder>
            <folder>views</folder>
        </files>
        <languages folder="admin/language">
            <language tag="en-GB">en-GB/en-GB.com_car.sys.ini</language>
        </languages>
    </administration>
    <modules>
        <module folder="modules" module="mod_car" />
        <module folder="modules" module="mod_car_drives" />
        <module folder="modules" module="mod_car_models" />
        <module folder="modules" module="mod_car_cars" />
    </modules>

    <plugins>
        <plugin folder="plugins/finder" plugin="plg_finder_drives" group="finder" />
        <plugin folder="plugins/finder" plugin="plg_finder_models" group="finder" />
        <plugin folder="plugins/finder" plugin="plg_finder_cars" group="finder" />
        <plugin folder="plugins/search" plugin="plg_search_drives" group="search" />
        <plugin folder="plugins/search" plugin="plg_search_models" group="search" />
        <plugin folder="plugins/search" plugin="plg_search_cars" group="search" />
        <plugin folder="plugins/car" plugin="plg_car_finder" group="car" />
        <plugin folder="plugins/car" plugin="plg_car_itemnavigation" group="car" />
        <plugin folder="plugins/car" plugin="plg_car_pagebreak" group="car" />
        <plugin folder="plugins/car" plugin="plg_car_vote" group="car" />
    </plugins>
    <!-- Runs on install/uninstall/update; New in 1.6 -->
    <scriptfile>car_install.php</scriptfile>
          
    <install>
        <!-- Runs on install -->
        <sql>
            <file driver="mysql" charset="utf8">sql/install.car_mysql.utf8.sql</file>
        </sql>
    </install>
    <uninstall>
        <!-- Runs on uninstall -->
        <sql>
            <file driver="mysql" charset="utf8">sql/uninstall.car_mysql.utf8.sql</file>
        </sql>
    </uninstall>
    <update>
        <!-- Runs on update; -->
        <schemas>
            <schemapath type="mysql">sql/updates/mysql</schemapath>
        </schemas>
    </update>
    <config>
    
        <fields name="params">
            <fieldset
                name="versioncontrol"
                label="COM_CAR_FIELDSET_VERSION_CONTROL_LABEL"
		        description="COM_CAR_FIELDSET_VERSION_CONTROL_DESC"
	        >
                <field
			        name="history_limit"
			        type="text"
			        label="JGLOBAL_HISTORY_LIMIT_OPTIONS_LABEL"
			        description="JGLOBAL_HISTORY_LIMIT_OPTIONS_DESC"
			        default="10"
			        filter="integer"
		        />
                <field
                    name="save_history"
                    type="radio"
                    class="btn-group btn-group-yesno"
                    default="1"
                    label="JGLOBAL_SAVE_HISTORY_OPTIONS_LABEL"
                    description="COM_CAR_SAVE_HISTORY_OPTIONS_DESC"
		        >
                    <option	value="1">JYES</option>
                    <option	value="0">JNO</option>
                </field>		        
                <field
			        name="drive_save_history"
			        type="radio"
			        class="btn-group btn-group-yesno"
			        default="1"
			        label="COM_CAR_DRIVES_FIELD_SAVE_HISTORY_LABEL"
			        description="COM_CAR_DRIVES_FIELD_SAVE_HISTORY_DESC"
			        >
                    <option	value="1">JYES</option>
                    <option	value="0">JNO</option>
                </field>
                <field
			        name="model_save_history"
			        type="radio"
			        class="btn-group btn-group-yesno"
			        default="1"
			        label="COM_CAR_MODELS_FIELD_SAVE_HISTORY_LABEL"
			        description="COM_CAR_MODELS_FIELD_SAVE_HISTORY_DESC"
			        >
                    <option	value="1">JYES</option>
                    <option	value="0">JNO</option>
                </field>
                <field
			        name="car_save_history"
			        type="radio"
			        class="btn-group btn-group-yesno"
			        default="1"
			        label="COM_CAR_CARS_FIELD_SAVE_HISTORY_LABEL"
			        description="COM_CAR_CARS_FIELD_SAVE_HISTORY_DESC"
			        >
                    <option	value="1">JYES</option>
                    <option	value="0">JNO</option>
                </field>
            </fieldset>
            <fieldset
                name="drive_display"
                label="COM_CAR_DRIVES_FIELD_CONFIG_SINGLE_ITEM_DISPLAY"
                description="COM_CAR_DRIVES_FIELD_CONFIG_SINGLE_ITEM_DESC"
	        >
                <field
                    name="drive_layout"
                    type="componentlayout"
                    label="JGLOBAL_FIELD_LAYOUT_LABEL"
                    description="COM_CAR_DRIVES_CHOOSE_LAYOUT_DESC"
                    menuitems="true"
                    extension="com_car"
                    view="drive"
                    default="_:default"
		        />
                <field
                    name="spacer0"
                    type="spacer"
                    hr="true"
		        />
                <field
                    name="show_drive_icons"
                    type="radio"
                    label="COM_CAR_SHOW_ICONS_LABEL"
                    description="COM_CAR_SHOW_ICONS_DESC"
                    class="btn-group"
                    default="1"
		        >
                    <option	value="0">COM_CAR_SHOW_ICONS_VALUE_TEXT</option>
                    <option	value="1">COM_CAR_SHOW_ICONS_VALUE_ICONS</option>
                    <option	value="-1">JHIDE</option>
                </field>
                <field
                    name="show_drive_print_icon"
                    type="radio"
                    label="COM_CAR_SHOW_PRINT_ICON_LABEL"
                    description="COM_CAR_SHOW_PRINT_ICON_DESC"
                    class="btn-group btn-group-yesno"
                    default="1"
		        >
                    <option value="1">JSHOW</option>
                    <option value="0">JHIDE</option>
                </field>
                <field
                    name="show_drive_email_icon"
                    type="radio"
                    label="COM_CAR_SHOW_EMAIL_ICON_LABEL"
                    description="COM_CAR_DRIVES_SHOW_EMAIL_ICON_DESC"
                    class="btn-group btn-group-yesno"
                    default="1"
		        >
                    <option value="1">JSHOW</option>
                    <option value="0">JHIDE</option>
                </field>
                <field
                    name="keep_drive_itemid"
                    type="radio"
                    label="COM_CAR_KEEP_ITEMID_LABEL"
                    description="COM_CAR_DRIVES_KEEP_ITEMID_DESC"
                    class="btn-group btn-group-yesno"
                    default="1"
		        >
                    <option	value="1">JYES</option>
                    <option	value="0">JNO</option>
                </field>
                <field
                    name="show_drive_navigation"
                    type="radio"
                    label="COM_CAR_SHOW_NAVIGATION_LABEL"
                    description="COM_CAR_DRIVES_SHOW_NAVIGATION_DESC"
                    class="btn-group btn-group-yesno"
                    default="1"
                >
                    <option value="1">JSHOW</option>
                    <option value="0">JHIDE</option>
                </field>
                <field
                    name="spacer1"
                    type="spacer"
                    hr="true"
		        />
                <field
                    name="show_drive_readmore"
                    type="radio"
                    label="COM_CAR_SHOW_READMORE_LABEL"
                    description="COM_CAR_DRIVES_SHOW_READMORE_DESC"
                    class="btn-group btn-group-yesno"
                    default="1"
		        >
                    <option value="1">JSHOW</option>
                    <option value="0">JHIDE</option>
                </field>
                <field
                    name="drive_readmore_limit"
                    type="text"
                    label="COM_CAR_SHOW_READMORE_LIMIT_LABEL"
                    description="COM_CAR_DRIVES_SHOW_READMORE_LIMIT_DESC"
                    default="100"
		        />
                <field
                    name="show_drive_readmore_name"
                    type="radio"
                    label="COM_CAR_DRIVES_SHOW_READMORE_NAME_LABEL"
                    description="COM_CAR_DRIVES_SHOW_READMORE_NAME_DESC"
                    class="btn-group btn-group-yesno"
                    default="1"
		        >
                    <option value="1">JSHOW</option>
                    <option value="0">JHIDE</option>
                </field>
                <field
                    name="show_drive_noauth"
                    type="radio"
                    label="COM_CAR_SHOW_UNAUTH_LINKS_LABEL"
                    description="COM_CAR_DRIVES_SHOW_UNAUTH_LINKS_DESC"
                    class="btn-group btn-group-yesno"
                    default="1"
		        >
                    <option	value="1">JYES</option>
                    <option	value="0">JNO</option>
                </field>
                <field
                    name="spacer2"
                    type="spacer"
                    hr="true"
		        />
                <field
                    name="show_drive_name"
                    type="radio"
                    label="COM_CAR_SHOW_NAME_LABEL"
                    description="COM_CAR_DRIVES_SHOW_NAME_DESC"
                    class="btn-group btn-group-yesno"
                    default="1"
		        >
                    <option value="1">JSHOW</option>
                    <option value="0">JHIDE</option>
                </field>
                <field
                    name="link_drive_names"
                    type="radio"
                    label="COM_CAR_LINKED_NAMES_LABEL"
                    description="COM_CAR_DRIVES_LINKED_NAMES_DESC"
                    class="btn-group btn-group-yesno"
                    default="1"
		        >
                    <option	value="1">JYES</option>
                    <option	value="0">JNO</option>
                </field>
                <field
                    name="show_drive_intro"
                    type="radio"
                    label="COM_CAR_SHOW_INTRO_LABEL"
                    description="COM_CAR_DRIVES_SHOW_INTRO_DESC"
                    class="btn-group btn-group-yesno"
                    default="1"
		        >
                    <option value="1">JSHOW</option>
                    <option value="0">JHIDE</option>
                </field>
                <field
                    name="show_drive_image"
                    type="radio"
                    label="COM_CAR_SHOW_IMAGE_LABEL"
                    description="COM_CAR_DRIVES_SHOW_IMAGE_DESC"
                    class="btn-group btn-group-yesno"
                    default="1"
                >
                    <option value="1">JSHOW</option>
                    <option value="0">JHIDE</option>
                </field>
                <field
                    name="show_drive_image_float"
                    type="radio"
                    label="COM_CAR_SHOW_IMAGE_FLOAT_LABEL"
                    description="COM_CAR_SHOW_IMAGE_FLOAT_DESC"
                    class="btn-group"
                >
                    <option value="none">COM_CAR_VALUE_FLOAT_NONE</option>
                    <option value="right">COM_CAR_VALUE_FLOAT_RIGHT</option>
                    <option value="left">COM_CAR_VALUE_FLOAT_LEFT</option>
                </field>
                <field
                    name="show_drive_image_width"
                    type="text"
                    label="COM_CAR_SHOW_IMAGE_WIDTH_LABEL"
                    description="COM_CAR_DRIVES_SHOW_IMAGE_WIDTH_DESC"
                    class="validate-numeric"
                    size="5"
                    default="100"
                />
                <field
                    name="show_drive_image_height"
                    type="text"
                    label="COM_CAR_SHOW_IMAGE_HEIGHT_LABEL"
                    description="COM_CAR_DRIVES_SHOW_IMAGE_HEIGHT_DESC"
                    class="validate-numeric"
                    size="5"
                    default="0"
                />
                <field
                    name="show_drive_intro_image"
                    type="radio"
                    label="COM_CAR_SHOW_INTRO_IMAGE_LABEL"
                    description="COM_CAR_DRIVES_SHOW_INTRO_IMAGE_DESC"
                    class="btn-group btn-group-yesno"
                >
                    <option value="1">JSHOW</option>
                    <option value="0">JHIDE</option>
                </field>
                <field
                    name="show_drive_intro_image_float"
                    type="radio"
                    label="COM_CAR_SHOW_INTRO_IMAGE_FLOAT_LABEL"
                    description="COM_CAR_SHOW_INTRO_IMAGE_FLOAT_DESC"
                    class="btn-group"
                >
                    <option value="none">COM_CAR_VALUE_FLOAT_NONE</option>
                    <option value="right">COM_CAR_VALUE_FLOAT_RIGHT</option>
                    <option value="left">COM_CAR_VALUE_FLOAT_LEFT</option>
                </field>
                <field
                    name="show_drive_intro_image_width"
                    type="text"
                    label="COM_CAR_SHOW_INTRO_IMAGE_WIDTH_LABEL"
                    description="COM_CAR_DRIVES_SHOW_INTRO_IMAGE_WIDTH_DESC"
                    class="validate-numeric"
                    size="5"
                />
                <field
                    name="show_drive_intro_image_height"
                    type="text"
                    label="COM_CAR_SHOW_INTRO_IMAGE_HEIGHT_LABEL"
                    description="COM_CAR_DRIVES_SHOW_INTRO_IMAGE_HEIGHT_DESC"
                    class="validate-numeric"
                    size="5"
                />
                <field
                    name="show_drive_urls"
                    type="radio"
                    label="COM_CAR_SHOW_URLS_LABEL"
                    description="COM_CAR_DRIVES_SHOW_URLS_DESC"
                    class="btn-group btn-group-yesno"
                    default="1"
                >
                    <option value="1">JSHOW</option>
                    <option value="0">JHIDE</option>
                </field>
                <field
                    name="show_drive_urls_position"
                    type="radio"
                    label="COM_CAR_SHOW_URLS_POSITION_LABEL"
                    description="COM_CAR_DRIVES_SHOW_URLS_POSITION_DESC"
                    class="btn-group"
                    default="1"
                >
                    <option value="0">COM_CAR_VALUE_ABOVE</option>
                    <option value="1">COM_CAR_VALUE_BELOW</option>
                </field>
                <field
                    name="show_drive_tags"
                    type="radio"
                    label="COM_CAR_FIELD_SHOW_TAGS_LABEL"
                    description="COM_CAR_DRIVES_FIELD_SHOW_TAGS_DESC"
                    class="btn-group btn-group-yesno"
                    default="1"
		        >
                    <option value="1">JSHOW</option>
                    <option value="0">JHIDE</option>
                </field>
                <field
                    name="show_drive_created_by"
                    type="radio"
                    label="COM_CAR_SHOW_CREATED_BY_LABEL"
                    description="COM_CAR_DRIVES_SHOW_CREATED_BY_DESC"
                    class="btn-group btn-group-yesno"
                    default="1"
		        >
                    <option value="1">JSHOW</option>
                    <option value="0">JHIDE</option>
                </field>
                <field
                    name="link_drive_created_by"
                    type="radio"
                    label="COM_CAR_LINK_CREATED_BY_LABEL"
                    description="COM_CAR_DRIVES_LINK_CREATED_BY_DESC"
                    class="btn-group btn-group-yesno"
                    default="1"
		        >
                    <option	value="1">JYES</option>
                    <option	value="0">JNO</option>
                </field>
                <field
                    name="show_drive_created_by_alias"
                    type="radio"
                    label="COM_CAR_SHOW_CREATED_BY_ALIAS_LABEL"
                    description="COM_CAR_DRIVES_SHOW_CREATED_BY_ALIAS_DESC"
                    class="btn-group btn-group-yesno"
                    default="1"
				>
                    <option value="1">JSHOW</option>
                    <option value="0">JHIDE</option>
                </field>
                <field
                    name="show_drive_created"
                    type="radio"
                    label="COM_CAR_SHOW_CREATED_LABEL"
                    description="COM_CAR_DRIVES_SHOW_CREATED_DESC"
                    class="btn-group btn-group-yesno"
                    default="1"
		        >
                    <option value="1">JSHOW</option>
                    <option value="0">JHIDE</option>
                </field>
                <field
                    name="show_drive_modified"
                    type="radio"
                    label="COM_CAR_SHOW_MODIFIED_LABEL"
                    description="COM_CAR_DRIVES_SHOW_MODIFIED_DESC"
                    class="btn-group btn-group-yesno"
                    default="1"
		        >
                    <option value="1">JSHOW</option>
                    <option value="0">JHIDE</option>
                </field>
                <field
                    name="show_drive_publish_up"
                    type="radio"
                    label="COM_CAR_SHOW_PUBLISH_UP_LABEL"
                    description="COM_CAR_DRIVES_SHOW_PUBLISH_UP_DESC"
                    class="btn-group btn-group-yesno"
                    default="1"
                >
                    <option	value="0">JHIDE</option>
                    <option	value="1">JSHOW</option>
                </field>
                <field
                    name="show_drive_publish_down"
                    type="radio"
                    label="COM_CAR_SHOW_PUBLISH_DOWN_LABEL"
                    description="COM_CAR_DRIVES_SHOW_PUBLISH_DOWN_DESC"
                    class="btn-group btn-group-yesno"
                    default="1"
                >
                    <option	value="0">JHIDE</option>
                    <option	value="1">JSHOW</option>
                </field>
                <field
                    name="show_drive_hits"
                    type="radio"
                    label="COM_CAR_SHOW_HITS_LABEL"
                    description="COM_CAR_DRIVES_SHOW_HITS_DESC"
                    class="btn-group btn-group-yesno"
                    default="1"
		        >
                    <option value="1">JSHOW</option>
                    <option value="0">JHIDE</option>
                </field>
                <field
                    name="show_drive_admin"
                    type="radio"
                    label="COM_CAR_SHOW_ADMIN_LABEL"
                    description="COM_CAR_DRIVES_SHOW_ADMIN_DESC"
                    class="btn-group btn-group-yesno"
                    default="1"
		        >
                    <option value="1">JSHOW</option>
                    <option value="0">JHIDE</option>
                </field>
                <field
                    name="show_drive_vote"
                    type="radio"
                    label="COM_CAR_SHOW_VOTE_LABEL"
                    description="COM_CAR_DRIVES_SHOW_VOTE_DESC"
                    class="btn-group btn-group-yesno"
                    default="1"
		        >
                    <option value="0">JHIDE</option>
                    <option	value="1">JSHOW</option>
                </field>
            </fieldset>
            <fieldset
                name="drives_list_display"
                label="COM_CAR_DRIVES_FIELD_CONFIG_BLOG_LIST_LABEL"
                description="COM_CAR_DRIVES_FIELD_CONFIG_BLOG_LIST_DESC"
	        >
                <field
                    name="drive_num_leading"
                    type="text"
                    label="COM_CAR_DRIVES_NUM_LEADING_LABEL"
                    description="COM_CAR_DRIVES_NUM_LEADING_DESC"
                    size="3"
                    default=""
		        />
                <field
                    name="drive_num_intro"
                    type="text"
                    label="COM_CAR_DRIVES_NUM_INTRO_LABEL"
                    description="COM_CAR_DRIVES_NUM_INTRO_DESC"
                    size="3"
                    default=""
		        />
                <field
                    name="drive_num_columns"
                    type="text"
                    label="COM_CAR_NUM_COLUMNS_LABEL"
                    description="COM_CAR_DRIVES_NUM_COLUMNS_DESC"
                    size="3"
                    default=""
		        />
                <field
                    name="drive_num_links"
                    type="text"
                    label="COM_CAR_NUM_LINKS_LABEL"
                    description="COM_CAR_DRIVES_NUM_LINKS_DESC"
                    size="3"
                    default=""
		        />
                <field
                    name="drive_multi_column_order"
                    type="radio"
                    label="COM_CAR_MULTI_COLUMN_ORDER_LABEL"
                    description="COM_CAR_DRIVES_MULTI_COLUMN_ORDER_DESC"
                    class="btn-group"
                    default="0"
		        >
                    <option value="0">JGLOBAL_DOWN</option>
                    <option value="1">JGLOBAL_ACROSS</option>
                </field>
                <field
                    name="drive_initial_sort"
                    type="list"
                    label="COM_CAR_DRIVES_ORDER_LABEL"
                    description="COM_CAR_DRIVES_ORDER_DESC"
			        class="chzn-color"
		        >
                    <option value="created">JGLOBAL_CREATED</option>
                    <option value="modified">JGLOBAL_MODIFIED</option>
                    <option value="publish_up">JPUBLISHED</option>
                    <option value="name">COM_CAR_NAME_ALPHABETICAL</option>
                    <option value="created_by_name">COM_CAR_CREATED_BY_ALPHABETICAL</option>
                    <option value="hits">JGLOBAL_MOST_HITS</option>
                    <option value="ordering">COM_CAR_DRIVES_ORDER</option>
                </field>
                <field
                    name="drive_initial_direction"
                    type="radio"
                    label="COM_CAR_ORDER_DIRECTION_LABEL"
                    description="COM_CAR_DRIVES_ORDER_DIRECTION_DESC"
                    class="btn-group"
                    default="ASC"
		        >
                    <option value="DESC">COM_CAR_ORDER_DIRECTION_DESCENDING_LABEL</option>
                    <option value="ASC">COM_CAR_ORDER_DIRECTION_ASCENDING_LABEL</option>
                </field>
                <field
                    name="show_drive_filter_field"
                    type="list"
                    label="JGLOBAL_FILTER_FIELD_LABEL"
                    description="COM_CAR_DRIVES_FILTER_FIELD_DESC"
                    class="chzn-color"
                    default="name"
			    >
                    <option value="hide">JHIDE</option>
                    <option value="name">COM_CAR_FIELD_VALUE_NAME</option>
                    <option value="created_by">COM_CAR_FIELD_VALUE_CREATED_BY</option>
                    <option value="hits">JGLOBAL_HITS</option>
                </field>                
                <field
                    name="show_drive_headings"
                    type="radio"
                    label="JGLOBAL_SHOW_HEADINGS_LABEL"
                    description="JGLOBAL_SHOW_HEADINGS_DESC"
                    class="btn-group btn-group-yesno"
                    default="1"
		        >
                    <option value="1">JSHOW</option>
                    <option value="0">JHIDE</option>
                </field>
                <field
                    name="show_drive_pagination"
                    type="radio"
                    label="JGLOBAL_PAGINATION_LABEL"
                    description="JGLOBAL_PAGINATION_DESC"
                    class="btn-group btn-group-yesno"
                    default="2"
		        >
                    <option value="2">JGLOBAL_AUTO</option>
                    <option value="1">JSHOW</option>
                    <option value="0">JHIDE</option>
                </field>
                <field
                    name="show_drive_pagination_results"
                    type="radio"
                    label="JGLOBAL_PAGINATION_RESULTS_LABEL"
                    description="JGLOBAL_PAGINATION_RESULTS_DESC"
                    class="btn-group btn-group-yesno"
                    default="1"
                >
                    <option value="1">JSHOW</option>
                    <option value="0">JHIDE</option>
                </field>
                <field
                    name="show_drive_pagination_limit"
                    type="radio"
                    label="COM_CAR_SHOW_PAGINATION_LIMIT_LABEL"
                    description="COM_CAR_DRIVES_SHOW_PAGINATION_LIMIT_DESC"
                    class="btn-group btn-group-yesno"
                    default="1"
		        >
                    <option value="1">JSHOW</option>
                    <option value="0">JHIDE</option>
                </field>
                <field
                    name="drive_num_per_page"
                    type="list"
                    description="COM_CAR_DRIVES_NUM_PER_PAGE_DESC"
                    label="COM_CAR_DRIVES_NUM_PER_PAGE_LABEL"
			        class="chzn-color"
                    default="5"
                >
                    <option value="5">J5</option>
                    <option value="10">J10</option>
                    <option value="15">J15</option>
                    <option value="20">J20</option>
                    <option value="25">J25</option>
                    <option value="30">J30</option>
                    <option value="50">J50</option>
                    <option value="100">J100</option>
                    <option value="0">JALL</option>
                </field>
                <field
                    name="show_no_drives"
                    type="radio"
                    label="COM_CAR_DRIVES_NO_ITEMS_LABEL"
                    description="COM_CAR_DRIVES_NO_ITEMS_DESC"
                    class="btn-group btn-group-yesno"
                    default="1"
			    >
                    <option value="1">JSHOW</option>
                    <option value="0">JHIDE</option>
                </field>
                <field
                    name="show_drive_add_link"
                    type="radio"
                    label="COM_CAR_SHOW_ADD_LINK_LABEL"
                    description="COM_CAR_DRIVES_SHOW_ADD_LINK_DESC"
                    class="btn-group btn-group-yesno"
                    default="1"
		        >
                    <option value="1">JSHOW</option>
                    <option value="0">JHIDE</option>
                </field>
                <field
                    name="list_show_drive_date"
                    type="radio"
                    label="COM_CAR_SHOW_DATE_LABEL"
                    description="COM_CAR_DRIVES_SHOW_DATE_DESC"
                    class="btn-group"
                    default="0"
		        >
                    <option value="0">JHIDE</option>
                    <option value="created">JGLOBAL_CREATED</option>
                    <option value="publish_up">COM_CAR_FIELD_VALUE_PUBLISH_UP</option>
                    <option value="modified">JGLOBAL_MODIFIED</option>
                </field>
                <field
                    name="drive_date_format"
                    type="text"
                    label="JGLOBAL_DATE_FORMAT_LABEL"
                    description="JGLOBAL_DATE_FORMAT_DESC"
                    size="15"
		        />
                <field
                    name="list_show_drive_hits"
                    type="radio"
                    label="COM_CAR_LIST_HITS_LABEL"
                    description="COM_CAR_DRIVES_LIST_HITS_DESC"
                    class="btn-group btn-group-yesno"
                    default="1"
		        >
                    <option value="1">JSHOW</option>
                    <option value="0">JHIDE</option>
                </field>
                <field
                    name="list_show_drive_created_by"
                    type="radio"
                    label="COM_CAR_LIST_CREATED_BY_LABEL"
                    description="COM_CAR_DRIVES_LIST_CREATED_BY_DESC"
                    class="btn-group btn-group-yesno"
                    default="1"
		        >
                    <option value="1">JSHOW</option>
                    <option value="0">JHIDE</option>
                </field>
                <field
                    name="list_show_drive_ordering"
                    type="radio"
                    label="COM_CAR_LIST_ORDERING_LABEL"
                    description="COM_CAR_DRIVES_LIST_ORDERING_DESC"
                    class="btn-group btn-group-yesno"
                    default="0"
		        >
                    <option value="1">JSHOW</option>
                    <option value="0">JHIDE</option>
                </field>
            </fieldset>
            <fieldset
                name="model_display"
                label="COM_CAR_MODELS_FIELD_CONFIG_SINGLE_ITEM_DISPLAY"
                description="COM_CAR_MODELS_FIELD_CONFIG_SINGLE_ITEM_DESC"
	        >
                <field
                    name="model_layout"
                    type="componentlayout"
                    label="JGLOBAL_FIELD_LAYOUT_LABEL"
                    description="COM_CAR_MODELS_CHOOSE_LAYOUT_DESC"
                    menuitems="true"
                    extension="com_car"
                    view="model"
                    default="_:default"
		        />
                <field
                    name="spacer0"
                    type="spacer"
                    hr="true"
		        />
                <field
                    name="show_model_icons"
                    type="radio"
                    label="COM_CAR_SHOW_ICONS_LABEL"
                    description="COM_CAR_SHOW_ICONS_DESC"
                    class="btn-group"
                    default="1"
		        >
                    <option	value="0">COM_CAR_SHOW_ICONS_VALUE_TEXT</option>
                    <option	value="1">COM_CAR_SHOW_ICONS_VALUE_ICONS</option>
                    <option	value="-1">JHIDE</option>
                </field>
                <field
                    name="show_model_print_icon"
                    type="radio"
                    label="COM_CAR_SHOW_PRINT_ICON_LABEL"
                    description="COM_CAR_SHOW_PRINT_ICON_DESC"
                    class="btn-group btn-group-yesno"
                    default="1"
		        >
                    <option value="1">JSHOW</option>
                    <option value="0">JHIDE</option>
                </field>
                <field
                    name="show_model_email_icon"
                    type="radio"
                    label="COM_CAR_SHOW_EMAIL_ICON_LABEL"
                    description="COM_CAR_MODELS_SHOW_EMAIL_ICON_DESC"
                    class="btn-group btn-group-yesno"
                    default="1"
		        >
                    <option value="1">JSHOW</option>
                    <option value="0">JHIDE</option>
                </field>
                <field
                    name="keep_model_itemid"
                    type="radio"
                    label="COM_CAR_KEEP_ITEMID_LABEL"
                    description="COM_CAR_MODELS_KEEP_ITEMID_DESC"
                    class="btn-group btn-group-yesno"
                    default="1"
		        >
                    <option	value="1">JYES</option>
                    <option	value="0">JNO</option>
                </field>
                <field
                    name="show_model_navigation"
                    type="radio"
                    label="COM_CAR_SHOW_NAVIGATION_LABEL"
                    description="COM_CAR_MODELS_SHOW_NAVIGATION_DESC"
                    class="btn-group btn-group-yesno"
                    default="1"
                >
                    <option value="1">JSHOW</option>
                    <option value="0">JHIDE</option>
                </field>
                <field
                    name="spacer1"
                    type="spacer"
                    hr="true"
		        />
                <field
                    name="show_model_readmore"
                    type="radio"
                    label="COM_CAR_SHOW_READMORE_LABEL"
                    description="COM_CAR_MODELS_SHOW_READMORE_DESC"
                    class="btn-group btn-group-yesno"
                    default="1"
		        >
                    <option value="1">JSHOW</option>
                    <option value="0">JHIDE</option>
                </field>
                <field
                    name="model_readmore_limit"
                    type="text"
                    label="COM_CAR_SHOW_READMORE_LIMIT_LABEL"
                    description="COM_CAR_MODELS_SHOW_READMORE_LIMIT_DESC"
                    default="100"
		        />
                <field
                    name="show_model_readmore_name"
                    type="radio"
                    label="COM_CAR_MODELS_SHOW_READMORE_NAME_LABEL"
                    description="COM_CAR_MODELS_SHOW_READMORE_NAME_DESC"
                    class="btn-group btn-group-yesno"
                    default="1"
		        >
                    <option value="1">JSHOW</option>
                    <option value="0">JHIDE</option>
                </field>
                <field
                    name="show_model_noauth"
                    type="radio"
                    label="COM_CAR_SHOW_UNAUTH_LINKS_LABEL"
                    description="COM_CAR_MODELS_SHOW_UNAUTH_LINKS_DESC"
                    class="btn-group btn-group-yesno"
                    default="1"
		        >
                    <option	value="1">JYES</option>
                    <option	value="0">JNO</option>
                </field>
                <field
                    name="spacer2"
                    type="spacer"
                    hr="true"
		        />
                <field
                    name="show_model_name"
                    type="radio"
                    label="COM_CAR_SHOW_NAME_LABEL"
                    description="COM_CAR_MODELS_SHOW_NAME_DESC"
                    class="btn-group btn-group-yesno"
                    default="1"
		        >
                    <option value="1">JSHOW</option>
                    <option value="0">JHIDE</option>
                </field>
                <field
                    name="link_model_names"
                    type="radio"
                    label="COM_CAR_LINKED_NAMES_LABEL"
                    description="COM_CAR_MODELS_LINKED_NAMES_DESC"
                    class="btn-group btn-group-yesno"
                    default="1"
		        >
                    <option	value="1">JYES</option>
                    <option	value="0">JNO</option>
                </field>
                <field
                    name="show_model_intro"
                    type="radio"
                    label="COM_CAR_SHOW_INTRO_LABEL"
                    description="COM_CAR_MODELS_SHOW_INTRO_DESC"
                    class="btn-group btn-group-yesno"
                    default="1"
		        >
                    <option value="1">JSHOW</option>
                    <option value="0">JHIDE</option>
                </field>
                <field
                    name="show_model_image"
                    type="radio"
                    label="COM_CAR_SHOW_IMAGE_LABEL"
                    description="COM_CAR_MODELS_SHOW_IMAGE_DESC"
                    class="btn-group btn-group-yesno"
                    default="1"
                >
                    <option value="1">JSHOW</option>
                    <option value="0">JHIDE</option>
                </field>
                <field
                    name="show_model_image_float"
                    type="radio"
                    label="COM_CAR_SHOW_IMAGE_FLOAT_LABEL"
                    description="COM_CAR_SHOW_IMAGE_FLOAT_DESC"
                    class="btn-group"
                >
                    <option value="none">COM_CAR_VALUE_FLOAT_NONE</option>
                    <option value="right">COM_CAR_VALUE_FLOAT_RIGHT</option>
                    <option value="left">COM_CAR_VALUE_FLOAT_LEFT</option>
                </field>
                <field
                    name="show_model_image_width"
                    type="text"
                    label="COM_CAR_SHOW_IMAGE_WIDTH_LABEL"
                    description="COM_CAR_MODELS_SHOW_IMAGE_WIDTH_DESC"
                    class="validate-numeric"
                    size="5"
                    default="100"
                />
                <field
                    name="show_model_image_height"
                    type="text"
                    label="COM_CAR_SHOW_IMAGE_HEIGHT_LABEL"
                    description="COM_CAR_MODELS_SHOW_IMAGE_HEIGHT_DESC"
                    class="validate-numeric"
                    size="5"
                    default="0"
                />
                <field
                    name="show_model_intro_image"
                    type="radio"
                    label="COM_CAR_SHOW_INTRO_IMAGE_LABEL"
                    description="COM_CAR_MODELS_SHOW_INTRO_IMAGE_DESC"
                    class="btn-group btn-group-yesno"
                >
                    <option value="1">JSHOW</option>
                    <option value="0">JHIDE</option>
                </field>
                <field
                    name="show_model_intro_image_float"
                    type="radio"
                    label="COM_CAR_SHOW_INTRO_IMAGE_FLOAT_LABEL"
                    description="COM_CAR_SHOW_INTRO_IMAGE_FLOAT_DESC"
                    class="btn-group"
                >
                    <option value="none">COM_CAR_VALUE_FLOAT_NONE</option>
                    <option value="right">COM_CAR_VALUE_FLOAT_RIGHT</option>
                    <option value="left">COM_CAR_VALUE_FLOAT_LEFT</option>
                </field>
                <field
                    name="show_model_intro_image_width"
                    type="text"
                    label="COM_CAR_SHOW_INTRO_IMAGE_WIDTH_LABEL"
                    description="COM_CAR_MODELS_SHOW_INTRO_IMAGE_WIDTH_DESC"
                    class="validate-numeric"
                    size="5"
                />
                <field
                    name="show_model_intro_image_height"
                    type="text"
                    label="COM_CAR_SHOW_INTRO_IMAGE_HEIGHT_LABEL"
                    description="COM_CAR_MODELS_SHOW_INTRO_IMAGE_HEIGHT_DESC"
                    class="validate-numeric"
                    size="5"
                />
                <field
                    name="show_model_urls"
                    type="radio"
                    label="COM_CAR_SHOW_URLS_LABEL"
                    description="COM_CAR_MODELS_SHOW_URLS_DESC"
                    class="btn-group btn-group-yesno"
                    default="1"
                >
                    <option value="1">JSHOW</option>
                    <option value="0">JHIDE</option>
                </field>
                <field
                    name="show_model_urls_position"
                    type="radio"
                    label="COM_CAR_SHOW_URLS_POSITION_LABEL"
                    description="COM_CAR_MODELS_SHOW_URLS_POSITION_DESC"
                    class="btn-group"
                    default="1"
                >
                    <option value="0">COM_CAR_VALUE_ABOVE</option>
                    <option value="1">COM_CAR_VALUE_BELOW</option>
                </field>
                <field
                    name="show_model_tags"
                    type="radio"
                    label="COM_CAR_FIELD_SHOW_TAGS_LABEL"
                    description="COM_CAR_MODELS_FIELD_SHOW_TAGS_DESC"
                    class="btn-group btn-group-yesno"
                    default="1"
		        >
                    <option value="1">JSHOW</option>
                    <option value="0">JHIDE</option>
                </field>
                <field
                    name="show_model_created_by"
                    type="radio"
                    label="COM_CAR_SHOW_CREATED_BY_LABEL"
                    description="COM_CAR_MODELS_SHOW_CREATED_BY_DESC"
                    class="btn-group btn-group-yesno"
                    default="1"
		        >
                    <option value="1">JSHOW</option>
                    <option value="0">JHIDE</option>
                </field>
                <field
                    name="link_model_created_by"
                    type="radio"
                    label="COM_CAR_LINK_CREATED_BY_LABEL"
                    description="COM_CAR_MODELS_LINK_CREATED_BY_DESC"
                    class="btn-group btn-group-yesno"
                    default="1"
		        >
                    <option	value="1">JYES</option>
                    <option	value="0">JNO</option>
                </field>
                <field
                    name="show_model_created_by_alias"
                    type="radio"
                    label="COM_CAR_SHOW_CREATED_BY_ALIAS_LABEL"
                    description="COM_CAR_MODELS_SHOW_CREATED_BY_ALIAS_DESC"
                    class="btn-group btn-group-yesno"
                    default="1"
				>
                    <option value="1">JSHOW</option>
                    <option value="0">JHIDE</option>
                </field>
                <field
                    name="show_model_created"
                    type="radio"
                    label="COM_CAR_SHOW_CREATED_LABEL"
                    description="COM_CAR_MODELS_SHOW_CREATED_DESC"
                    class="btn-group btn-group-yesno"
                    default="1"
		        >
                    <option value="1">JSHOW</option>
                    <option value="0">JHIDE</option>
                </field>
                <field
                    name="show_model_modified"
                    type="radio"
                    label="COM_CAR_SHOW_MODIFIED_LABEL"
                    description="COM_CAR_MODELS_SHOW_MODIFIED_DESC"
                    class="btn-group btn-group-yesno"
                    default="1"
		        >
                    <option value="1">JSHOW</option>
                    <option value="0">JHIDE</option>
                </field>
                <field
                    name="show_model_publish_up"
                    type="radio"
                    label="COM_CAR_SHOW_PUBLISH_UP_LABEL"
                    description="COM_CAR_MODELS_SHOW_PUBLISH_UP_DESC"
                    class="btn-group btn-group-yesno"
                    default="1"
                >
                    <option	value="0">JHIDE</option>
                    <option	value="1">JSHOW</option>
                </field>
                <field
                    name="show_model_publish_down"
                    type="radio"
                    label="COM_CAR_SHOW_PUBLISH_DOWN_LABEL"
                    description="COM_CAR_MODELS_SHOW_PUBLISH_DOWN_DESC"
                    class="btn-group btn-group-yesno"
                    default="1"
                >
                    <option	value="0">JHIDE</option>
                    <option	value="1">JSHOW</option>
                </field>
                <field
                    name="show_model_hits"
                    type="radio"
                    label="COM_CAR_SHOW_HITS_LABEL"
                    description="COM_CAR_MODELS_SHOW_HITS_DESC"
                    class="btn-group btn-group-yesno"
                    default="1"
		        >
                    <option value="1">JSHOW</option>
                    <option value="0">JHIDE</option>
                </field>
                <field
                    name="show_model_admin"
                    type="radio"
                    label="COM_CAR_SHOW_ADMIN_LABEL"
                    description="COM_CAR_MODELS_SHOW_ADMIN_DESC"
                    class="btn-group btn-group-yesno"
                    default="1"
		        >
                    <option value="1">JSHOW</option>
                    <option value="0">JHIDE</option>
                </field>
                <field
                    name="show_model_vote"
                    type="radio"
                    label="COM_CAR_SHOW_VOTE_LABEL"
                    description="COM_CAR_MODELS_SHOW_VOTE_DESC"
                    class="btn-group btn-group-yesno"
                    default="1"
		        >
                    <option value="0">JHIDE</option>
                    <option	value="1">JSHOW</option>
                </field>
            </fieldset>
            <fieldset
                name="models_list_display"
                label="COM_CAR_MODELS_FIELD_CONFIG_BLOG_LIST_LABEL"
                description="COM_CAR_MODELS_FIELD_CONFIG_BLOG_LIST_DESC"
	        >
                <field
                    name="model_num_leading"
                    type="text"
                    label="COM_CAR_MODELS_NUM_LEADING_LABEL"
                    description="COM_CAR_MODELS_NUM_LEADING_DESC"
                    size="3"
                    default=""
		        />
                <field
                    name="model_num_intro"
                    type="text"
                    label="COM_CAR_MODELS_NUM_INTRO_LABEL"
                    description="COM_CAR_MODELS_NUM_INTRO_DESC"
                    size="3"
                    default=""
		        />
                <field
                    name="model_num_columns"
                    type="text"
                    label="COM_CAR_NUM_COLUMNS_LABEL"
                    description="COM_CAR_MODELS_NUM_COLUMNS_DESC"
                    size="3"
                    default=""
		        />
                <field
                    name="model_num_links"
                    type="text"
                    label="COM_CAR_NUM_LINKS_LABEL"
                    description="COM_CAR_MODELS_NUM_LINKS_DESC"
                    size="3"
                    default=""
		        />
                <field
                    name="model_multi_column_order"
                    type="radio"
                    label="COM_CAR_MULTI_COLUMN_ORDER_LABEL"
                    description="COM_CAR_MODELS_MULTI_COLUMN_ORDER_DESC"
                    class="btn-group"
                    default="0"
		        >
                    <option value="0">JGLOBAL_DOWN</option>
                    <option value="1">JGLOBAL_ACROSS</option>
                </field>
                <field
                    name="model_initial_sort"
                    type="list"
                    label="COM_CAR_MODELS_ORDER_LABEL"
                    description="COM_CAR_MODELS_ORDER_DESC"
			        class="chzn-color"
		        >
                    <option value="created">JGLOBAL_CREATED</option>
                    <option value="modified">JGLOBAL_MODIFIED</option>
                    <option value="publish_up">JPUBLISHED</option>
                    <option value="name">COM_CAR_NAME_ALPHABETICAL</option>
                    <option value="created_by_name">COM_CAR_CREATED_BY_ALPHABETICAL</option>
                    <option value="hits">JGLOBAL_MOST_HITS</option>
                    <option value="ordering">COM_CAR_MODELS_ORDER</option>
                </field>
                <field
                    name="model_initial_direction"
                    type="radio"
                    label="COM_CAR_ORDER_DIRECTION_LABEL"
                    description="COM_CAR_MODELS_ORDER_DIRECTION_DESC"
                    class="btn-group"
                    default="ASC"
		        >
                    <option value="DESC">COM_CAR_ORDER_DIRECTION_DESCENDING_LABEL</option>
                    <option value="ASC">COM_CAR_ORDER_DIRECTION_ASCENDING_LABEL</option>
                </field>
                <field
                    name="show_model_filter_field"
                    type="list"
                    label="JGLOBAL_FILTER_FIELD_LABEL"
                    description="COM_CAR_MODELS_FILTER_FIELD_DESC"
                    class="chzn-color"
                    default="name"
			    >
                    <option value="hide">JHIDE</option>
                    <option value="name">COM_CAR_FIELD_VALUE_NAME</option>
                    <option value="created_by">COM_CAR_FIELD_VALUE_CREATED_BY</option>
                    <option value="hits">JGLOBAL_HITS</option>
                </field>                
                <field
                    name="show_model_headings"
                    type="radio"
                    label="JGLOBAL_SHOW_HEADINGS_LABEL"
                    description="JGLOBAL_SHOW_HEADINGS_DESC"
                    class="btn-group btn-group-yesno"
                    default="1"
		        >
                    <option value="1">JSHOW</option>
                    <option value="0">JHIDE</option>
                </field>
                <field
                    name="show_model_pagination"
                    type="radio"
                    label="JGLOBAL_PAGINATION_LABEL"
                    description="JGLOBAL_PAGINATION_DESC"
                    class="btn-group btn-group-yesno"
                    default="2"
		        >
                    <option value="2">JGLOBAL_AUTO</option>
                    <option value="1">JSHOW</option>
                    <option value="0">JHIDE</option>
                </field>
                <field
                    name="show_model_pagination_results"
                    type="radio"
                    label="JGLOBAL_PAGINATION_RESULTS_LABEL"
                    description="JGLOBAL_PAGINATION_RESULTS_DESC"
                    class="btn-group btn-group-yesno"
                    default="1"
                >
                    <option value="1">JSHOW</option>
                    <option value="0">JHIDE</option>
                </field>
                <field
                    name="show_model_pagination_limit"
                    type="radio"
                    label="COM_CAR_SHOW_PAGINATION_LIMIT_LABEL"
                    description="COM_CAR_MODELS_SHOW_PAGINATION_LIMIT_DESC"
                    class="btn-group btn-group-yesno"
                    default="1"
		        >
                    <option value="1">JSHOW</option>
                    <option value="0">JHIDE</option>
                </field>
                <field
                    name="model_num_per_page"
                    type="list"
                    description="COM_CAR_MODELS_NUM_PER_PAGE_DESC"
                    label="COM_CAR_MODELS_NUM_PER_PAGE_LABEL"
			        class="chzn-color"
                    default="5"
                >
                    <option value="5">J5</option>
                    <option value="10">J10</option>
                    <option value="15">J15</option>
                    <option value="20">J20</option>
                    <option value="25">J25</option>
                    <option value="30">J30</option>
                    <option value="50">J50</option>
                    <option value="100">J100</option>
                    <option value="0">JALL</option>
                </field>
                <field
                    name="show_no_models"
                    type="radio"
                    label="COM_CAR_MODELS_NO_ITEMS_LABEL"
                    description="COM_CAR_MODELS_NO_ITEMS_DESC"
                    class="btn-group btn-group-yesno"
                    default="1"
			    >
                    <option value="1">JSHOW</option>
                    <option value="0">JHIDE</option>
                </field>
                <field
                    name="show_model_add_link"
                    type="radio"
                    label="COM_CAR_SHOW_ADD_LINK_LABEL"
                    description="COM_CAR_MODELS_SHOW_ADD_LINK_DESC"
                    class="btn-group btn-group-yesno"
                    default="1"
		        >
                    <option value="1">JSHOW</option>
                    <option value="0">JHIDE</option>
                </field>
                <field
                    name="list_show_model_date"
                    type="radio"
                    label="COM_CAR_SHOW_DATE_LABEL"
                    description="COM_CAR_MODELS_SHOW_DATE_DESC"
                    class="btn-group"
                    default="0"
		        >
                    <option value="0">JHIDE</option>
                    <option value="created">JGLOBAL_CREATED</option>
                    <option value="publish_up">COM_CAR_FIELD_VALUE_PUBLISH_UP</option>
                    <option value="modified">JGLOBAL_MODIFIED</option>
                </field>
                <field
                    name="model_date_format"
                    type="text"
                    label="JGLOBAL_DATE_FORMAT_LABEL"
                    description="JGLOBAL_DATE_FORMAT_DESC"
                    size="15"
		        />
                <field
                    name="list_show_model_hits"
                    type="radio"
                    label="COM_CAR_LIST_HITS_LABEL"
                    description="COM_CAR_MODELS_LIST_HITS_DESC"
                    class="btn-group btn-group-yesno"
                    default="1"
		        >
                    <option value="1">JSHOW</option>
                    <option value="0">JHIDE</option>
                </field>
                <field
                    name="list_show_model_created_by"
                    type="radio"
                    label="COM_CAR_LIST_CREATED_BY_LABEL"
                    description="COM_CAR_MODELS_LIST_CREATED_BY_DESC"
                    class="btn-group btn-group-yesno"
                    default="1"
		        >
                    <option value="1">JSHOW</option>
                    <option value="0">JHIDE</option>
                </field>
                <field
                    name="list_show_model_ordering"
                    type="radio"
                    label="COM_CAR_LIST_ORDERING_LABEL"
                    description="COM_CAR_MODELS_LIST_ORDERING_DESC"
                    class="btn-group btn-group-yesno"
                    default="0"
		        >
                    <option value="1">JSHOW</option>
                    <option value="0">JHIDE</option>
                </field>
            </fieldset>
            <fieldset
                name="car_display"
                label="COM_CAR_CARS_FIELD_CONFIG_SINGLE_ITEM_DISPLAY"
                description="COM_CAR_CARS_FIELD_CONFIG_SINGLE_ITEM_DESC"
	        >
                <field
                    name="car_layout"
                    type="componentlayout"
                    label="JGLOBAL_FIELD_LAYOUT_LABEL"
                    description="COM_CAR_CARS_CHOOSE_LAYOUT_DESC"
                    menuitems="true"
                    extension="com_car"
                    view="car"
                    default="_:default"
		        />
                <field
                    name="spacer0"
                    type="spacer"
                    hr="true"
		        />
                <field
                    name="show_car_icons"
                    type="radio"
                    label="COM_CAR_SHOW_ICONS_LABEL"
                    description="COM_CAR_SHOW_ICONS_DESC"
                    class="btn-group"
                    default="1"
		        >
                    <option	value="0">COM_CAR_SHOW_ICONS_VALUE_TEXT</option>
                    <option	value="1">COM_CAR_SHOW_ICONS_VALUE_ICONS</option>
                    <option	value="-1">JHIDE</option>
                </field>
                <field
                    name="show_car_print_icon"
                    type="radio"
                    label="COM_CAR_SHOW_PRINT_ICON_LABEL"
                    description="COM_CAR_SHOW_PRINT_ICON_DESC"
                    class="btn-group btn-group-yesno"
                    default="1"
		        >
                    <option value="1">JSHOW</option>
                    <option value="0">JHIDE</option>
                </field>
                <field
                    name="show_car_email_icon"
                    type="radio"
                    label="COM_CAR_SHOW_EMAIL_ICON_LABEL"
                    description="COM_CAR_CARS_SHOW_EMAIL_ICON_DESC"
                    class="btn-group btn-group-yesno"
                    default="1"
		        >
                    <option value="1">JSHOW</option>
                    <option value="0">JHIDE</option>
                </field>
                <field
                    name="keep_car_itemid"
                    type="radio"
                    label="COM_CAR_KEEP_ITEMID_LABEL"
                    description="COM_CAR_CARS_KEEP_ITEMID_DESC"
                    class="btn-group btn-group-yesno"
                    default="1"
		        >
                    <option	value="1">JYES</option>
                    <option	value="0">JNO</option>
                </field>
                <field
                    name="show_car_navigation"
                    type="radio"
                    label="COM_CAR_SHOW_NAVIGATION_LABEL"
                    description="COM_CAR_CARS_SHOW_NAVIGATION_DESC"
                    class="btn-group btn-group-yesno"
                    default="1"
                >
                    <option value="1">JSHOW</option>
                    <option value="0">JHIDE</option>
                </field>
                <field
                    name="show_car_category_breadcrumb"
                    type="radio"
                    label="COM_CAR_SHOW_CATEGORY_BREADCRUMB_LABEL"
                    description="COM_CAR_CARS_SHOW_CATEGORY_BREADCRUMB_DESC"
                    class="btn-group btn-group-yesno"
                    default="1"
		        >
                    <option value="1">JSHOW</option>
                    <option value="0">JHIDE</option>
                </field>
                <field
                    name="limit_category_car_navigation"
                    type="radio"
                    label="COM_CAR_LIMIT_CATEGORY_NAVIGATION_LABEL"
                    description="COM_CAR_CARS_LIMIT_CATEGORY_NAVIGATION_DESC"
                    class="btn-group btn-group-yesno"
                    default="1"
                >
                    <option	value="1">JYES</option>
                    <option	value="0">JNO</option>
                </field>
                <field
                    name="spacer1"
                    type="spacer"
                    hr="true"
		        />
                <field
                    name="show_car_readmore"
                    type="radio"
                    label="COM_CAR_SHOW_READMORE_LABEL"
                    description="COM_CAR_CARS_SHOW_READMORE_DESC"
                    class="btn-group btn-group-yesno"
                    default="1"
		        >
                    <option value="1">JSHOW</option>
                    <option value="0">JHIDE</option>
                </field>
                <field
                    name="car_readmore_limit"
                    type="text"
                    label="COM_CAR_SHOW_READMORE_LIMIT_LABEL"
                    description="COM_CAR_CARS_SHOW_READMORE_LIMIT_DESC"
                    default="100"
		        />
                <field
                    name="show_car_readmore_name"
                    type="radio"
                    label="COM_CAR_CARS_SHOW_READMORE_NAME_LABEL"
                    description="COM_CAR_CARS_SHOW_READMORE_NAME_DESC"
                    class="btn-group btn-group-yesno"
                    default="1"
		        >
                    <option value="1">JSHOW</option>
                    <option value="0">JHIDE</option>
                </field>
                <field
                    name="show_car_noauth"
                    type="radio"
                    label="COM_CAR_SHOW_UNAUTH_LINKS_LABEL"
                    description="COM_CAR_CARS_SHOW_UNAUTH_LINKS_DESC"
                    class="btn-group btn-group-yesno"
                    default="1"
		        >
                    <option	value="1">JYES</option>
                    <option	value="0">JNO</option>
                </field>
                <field
                    name="spacer2"
                    type="spacer"
                    hr="true"
		        />
                <field
                    name="show_car_name"
                    type="radio"
                    label="COM_CAR_SHOW_NAME_LABEL"
                    description="COM_CAR_CARS_SHOW_NAME_DESC"
                    class="btn-group btn-group-yesno"
                    default="1"
		        >
                    <option value="1">JSHOW</option>
                    <option value="0">JHIDE</option>
                </field>
                <field
                    name="link_car_names"
                    type="radio"
                    label="COM_CAR_LINKED_NAMES_LABEL"
                    description="COM_CAR_CARS_LINKED_NAMES_DESC"
                    class="btn-group btn-group-yesno"
                    default="1"
		        >
                    <option	value="1">JYES</option>
                    <option	value="0">JNO</option>
                </field>
                <field
                    name="show_car_intro"
                    type="radio"
                    label="COM_CAR_SHOW_INTRO_LABEL"
                    description="COM_CAR_CARS_SHOW_INTRO_DESC"
                    class="btn-group btn-group-yesno"
                    default="1"
		        >
                    <option value="1">JSHOW</option>
                    <option value="0">JHIDE</option>
                </field>
                <field
                    name="show_car_image"
                    type="radio"
                    label="COM_CAR_SHOW_IMAGE_LABEL"
                    description="COM_CAR_CARS_SHOW_IMAGE_DESC"
                    class="btn-group btn-group-yesno"
                    default="1"
                >
                    <option value="1">JSHOW</option>
                    <option value="0">JHIDE</option>
                </field>
                <field
                    name="show_car_image_float"
                    type="radio"
                    label="COM_CAR_SHOW_IMAGE_FLOAT_LABEL"
                    description="COM_CAR_SHOW_IMAGE_FLOAT_DESC"
                    class="btn-group"
                >
                    <option value="none">COM_CAR_VALUE_FLOAT_NONE</option>
                    <option value="right">COM_CAR_VALUE_FLOAT_RIGHT</option>
                    <option value="left">COM_CAR_VALUE_FLOAT_LEFT</option>
                </field>
                <field
                    name="show_car_image_width"
                    type="text"
                    label="COM_CAR_SHOW_IMAGE_WIDTH_LABEL"
                    description="COM_CAR_CARS_SHOW_IMAGE_WIDTH_DESC"
                    class="validate-numeric"
                    size="5"
                    default="100"
                />
                <field
                    name="show_car_image_height"
                    type="text"
                    label="COM_CAR_SHOW_IMAGE_HEIGHT_LABEL"
                    description="COM_CAR_CARS_SHOW_IMAGE_HEIGHT_DESC"
                    class="validate-numeric"
                    size="5"
                    default="0"
                />
                <field
                    name="show_car_intro_image"
                    type="radio"
                    label="COM_CAR_SHOW_INTRO_IMAGE_LABEL"
                    description="COM_CAR_CARS_SHOW_INTRO_IMAGE_DESC"
                    class="btn-group btn-group-yesno"
                >
                    <option value="1">JSHOW</option>
                    <option value="0">JHIDE</option>
                </field>
                <field
                    name="show_car_intro_image_float"
                    type="radio"
                    label="COM_CAR_SHOW_INTRO_IMAGE_FLOAT_LABEL"
                    description="COM_CAR_SHOW_INTRO_IMAGE_FLOAT_DESC"
                    class="btn-group"
                >
                    <option value="none">COM_CAR_VALUE_FLOAT_NONE</option>
                    <option value="right">COM_CAR_VALUE_FLOAT_RIGHT</option>
                    <option value="left">COM_CAR_VALUE_FLOAT_LEFT</option>
                </field>
                <field
                    name="show_car_intro_image_width"
                    type="text"
                    label="COM_CAR_SHOW_INTRO_IMAGE_WIDTH_LABEL"
                    description="COM_CAR_CARS_SHOW_INTRO_IMAGE_WIDTH_DESC"
                    class="validate-numeric"
                    size="5"
                />
                <field
                    name="show_car_intro_image_height"
                    type="text"
                    label="COM_CAR_SHOW_INTRO_IMAGE_HEIGHT_LABEL"
                    description="COM_CAR_CARS_SHOW_INTRO_IMAGE_HEIGHT_DESC"
                    class="validate-numeric"
                    size="5"
                />
                <field
                    name="show_car_urls"
                    type="radio"
                    label="COM_CAR_SHOW_URLS_LABEL"
                    description="COM_CAR_CARS_SHOW_URLS_DESC"
                    class="btn-group btn-group-yesno"
                    default="1"
                >
                    <option value="1">JSHOW</option>
                    <option value="0">JHIDE</option>
                </field>
                <field
                    name="show_car_urls_position"
                    type="radio"
                    label="COM_CAR_SHOW_URLS_POSITION_LABEL"
                    description="COM_CAR_CARS_SHOW_URLS_POSITION_DESC"
                    class="btn-group"
                    default="1"
                >
                    <option value="0">COM_CAR_VALUE_ABOVE</option>
                    <option value="1">COM_CAR_VALUE_BELOW</option>
                </field>
                <field
                    name="show_car_category"
                    type="radio"
                    label="COM_CAR_SHOW_CATEGORY_LABEL"
                    description="COM_CAR_CARS_SHOW_CATEGORY_DESC"
                    class="btn-group btn-group-yesno"
                    default="1"
		        >
                    <option value="1">JSHOW</option>
                    <option value="0">JHIDE</option>
                </field>
                <field
                    name="link_car_category"
                    type="radio"
                    label="COM_CAR_LINK_CATEGORY_LABEL"
                    description="COM_CAR_CARS_LINK_CATEGORY_DESC"
                    class="btn-group btn-group-yesno"
                    default="1"
		        >
                    <option	value="1">JYES</option>
                    <option	value="0">JNO</option>
                </field>
                <field
                    name="show_car_parent_category"
                    type="radio"
                    label="COM_CAR_SHOW_PARENT_CATEGORY_LABEL"
                    description="COM_CAR_CARS_SHOW_PARENT_CATEGORY_DESC"
                    class="btn-group btn-group-yesno"
                    default="1"
		        >
                    <option value="1">JSHOW</option>
                    <option value="0">JHIDE</option>
                </field>
                <field
                    name="link_car_parent_category"
                    type="radio"
                    label="COM_CAR_LINK_PARENT_CATEGORY_LABEL"
                    description="COM_CAR_CARS_LINK_PARENT_CATEGORY_DESC"
                    class="btn-group btn-group-yesno"
                    default="1"
		        >
                    <option	value="1">JYES</option>
                    <option	value="0">JNO</option>
                </field>
                <field
                    name="show_car_tags"
                    type="radio"
                    label="COM_CAR_FIELD_SHOW_TAGS_LABEL"
                    description="COM_CAR_CARS_FIELD_SHOW_TAGS_DESC"
                    class="btn-group btn-group-yesno"
                    default="1"
		        >
                    <option value="1">JSHOW</option>
                    <option value="0">JHIDE</option>
                </field>
                <field
                    name="show_car_created_by"
                    type="radio"
                    label="COM_CAR_SHOW_CREATED_BY_LABEL"
                    description="COM_CAR_CARS_SHOW_CREATED_BY_DESC"
                    class="btn-group btn-group-yesno"
                    default="1"
		        >
                    <option value="1">JSHOW</option>
                    <option value="0">JHIDE</option>
                </field>
                <field
                    name="link_car_created_by"
                    type="radio"
                    label="COM_CAR_LINK_CREATED_BY_LABEL"
                    description="COM_CAR_CARS_LINK_CREATED_BY_DESC"
                    class="btn-group btn-group-yesno"
                    default="1"
		        >
                    <option	value="1">JYES</option>
                    <option	value="0">JNO</option>
                </field>
                <field
                    name="show_car_created_by_alias"
                    type="radio"
                    label="COM_CAR_SHOW_CREATED_BY_ALIAS_LABEL"
                    description="COM_CAR_CARS_SHOW_CREATED_BY_ALIAS_DESC"
                    class="btn-group btn-group-yesno"
                    default="1"
				>
                    <option value="1">JSHOW</option>
                    <option value="0">JHIDE</option>
                </field>
                <field
                    name="show_car_created"
                    type="radio"
                    label="COM_CAR_SHOW_CREATED_LABEL"
                    description="COM_CAR_CARS_SHOW_CREATED_DESC"
                    class="btn-group btn-group-yesno"
                    default="1"
		        >
                    <option value="1">JSHOW</option>
                    <option value="0">JHIDE</option>
                </field>
                <field
                    name="show_car_modified"
                    type="radio"
                    label="COM_CAR_SHOW_MODIFIED_LABEL"
                    description="COM_CAR_CARS_SHOW_MODIFIED_DESC"
                    class="btn-group btn-group-yesno"
                    default="1"
		        >
                    <option value="1">JSHOW</option>
                    <option value="0">JHIDE</option>
                </field>
                <field
                    name="show_car_publish_up"
                    type="radio"
                    label="COM_CAR_SHOW_PUBLISH_UP_LABEL"
                    description="COM_CAR_CARS_SHOW_PUBLISH_UP_DESC"
                    class="btn-group btn-group-yesno"
                    default="1"
                >
                    <option	value="0">JHIDE</option>
                    <option	value="1">JSHOW</option>
                </field>
                <field
                    name="show_car_publish_down"
                    type="radio"
                    label="COM_CAR_SHOW_PUBLISH_DOWN_LABEL"
                    description="COM_CAR_CARS_SHOW_PUBLISH_DOWN_DESC"
                    class="btn-group btn-group-yesno"
                    default="1"
                >
                    <option	value="0">JHIDE</option>
                    <option	value="1">JSHOW</option>
                </field>
                <field
                    name="show_car_hits"
                    type="radio"
                    label="COM_CAR_SHOW_HITS_LABEL"
                    description="COM_CAR_CARS_SHOW_HITS_DESC"
                    class="btn-group btn-group-yesno"
                    default="1"
		        >
                    <option value="1">JSHOW</option>
                    <option value="0">JHIDE</option>
                </field>
                <field
                    name="show_car_admin"
                    type="radio"
                    label="COM_CAR_SHOW_ADMIN_LABEL"
                    description="COM_CAR_CARS_SHOW_ADMIN_DESC"
                    class="btn-group btn-group-yesno"
                    default="1"
		        >
                    <option value="1">JSHOW</option>
                    <option value="0">JHIDE</option>
                </field>
                <field
                    name="show_car_vote"
                    type="radio"
                    label="COM_CAR_SHOW_VOTE_LABEL"
                    description="COM_CAR_CARS_SHOW_VOTE_DESC"
                    class="btn-group btn-group-yesno"
                    default="1"
		        >
                    <option value="0">JHIDE</option>
                    <option	value="1">JSHOW</option>
                </field>
            </fieldset>
            <fieldset
                name="cars_list_display"
                label="COM_CAR_CARS_FIELD_CONFIG_BLOG_LIST_LABEL"
                description="COM_CAR_CARS_FIELD_CONFIG_BLOG_LIST_DESC"
	        >
                <field
                    name="car_num_leading"
                    type="text"
                    label="COM_CAR_CARS_NUM_LEADING_LABEL"
                    description="COM_CAR_CARS_NUM_LEADING_DESC"
                    size="3"
                    default=""
		        />
                <field
                    name="car_num_intro"
                    type="text"
                    label="COM_CAR_CARS_NUM_INTRO_LABEL"
                    description="COM_CAR_CARS_NUM_INTRO_DESC"
                    size="3"
                    default=""
		        />
                <field
                    name="car_num_columns"
                    type="text"
                    label="COM_CAR_NUM_COLUMNS_LABEL"
                    description="COM_CAR_CARS_NUM_COLUMNS_DESC"
                    size="3"
                    default=""
		        />
                <field
                    name="car_num_links"
                    type="text"
                    label="COM_CAR_NUM_LINKS_LABEL"
                    description="COM_CAR_CARS_NUM_LINKS_DESC"
                    size="3"
                    default=""
		        />
                <field
                    name="car_multi_column_order"
                    type="radio"
                    label="COM_CAR_MULTI_COLUMN_ORDER_LABEL"
                    description="COM_CAR_CARS_MULTI_COLUMN_ORDER_DESC"
                    class="btn-group"
                    default="0"
		        >
                    <option value="0">JGLOBAL_DOWN</option>
                    <option value="1">JGLOBAL_ACROSS</option>
                </field>
                <field
                    name="car_orderby_pri"
                    type="list"
                    label="COM_CAR_CATEGORY_ORDER_LABEL"
                    description="COM_CAR_CATEGORY_ORDER_DESC"
			        class="chzn-color"
                    default="none"
		        >
                    <option value="none">JGLOBAL_NO_ORDER</option>
                    <option value="alpha">JGLOBAL_TITLE_ALPHABETICAL</option>
                    <option value="ralpha">JGLOBAL_TITLE_REVERSE_ALPHABETICAL</option>
                    <option value="order">JGLOBAL_CATEGORY_MANAGER_ORDER</option>
                </field>
                <field
                    name="car_orderby_sec"
                    type="list"
                    label="COM_CAR_CARS_CATEGORY_ORDER_LABEL"
                    description="COM_CAR_CARS_CATEGORY_ORDER_DESC"
			        class="chzn-color"
                    default="none"
		        >
                    <option value="none">JGLOBAL_NO_ORDER</option>
                    <option value="rdate">JGLOBAL_MOST_RECENT_FIRST</option>
                    <option value="date">JGLOBAL_OLDEST_FIRST</option>
                    <option value="alpha">COM_CAR_NAME_ALPHABETICAL</option>
                    <option value="ralpha">COM_CAR_NAME_REVERSE_ALPHABETICAL</option>
                    <option value="created_by">COM_CAR_CREATED_BY_ALPHABETICAL</option>
                    <option value="rcreated_by">COM_CAR_CREATED_BY_REVERSE_ALPHABETICAL</option>
                    <option value="hits">JGLOBAL_MOST_HITS</option>
                    <option value="rhits">JGLOBAL_LEAST_HITS</option>
                    <option value="ordering">COM_CAR_CARS_ORDER</option>
                </field>
                <field
                    name="car_order_date"
                    type="list"
                    label="COM_CAR_ORDERING_DATE_LABEL"
                    description="COM_CAR_CARS_ORDERING_DATE_DESC"
			        class="chzn-color"
		        >
                    <option value="created">JGLOBAL_CREATED</option>
                    <option value="modified">JGLOBAL_MODIFIED</option>
                    <option value="publish_up">JPUBLISHED</option>
                </field>
                <field
                    name="car_initial_sort"
                    type="list"
                    label="COM_CAR_CARS_ORDER_LABEL"
                    description="COM_CAR_CARS_ORDER_DESC"
			        class="chzn-color"
		        >
                    <option value="created">JGLOBAL_CREATED</option>
                    <option value="modified">JGLOBAL_MODIFIED</option>
                    <option value="publish_up">JPUBLISHED</option>
                    <option value="name">COM_CAR_NAME_ALPHABETICAL</option>
                    <option value="created_by_name">COM_CAR_CREATED_BY_ALPHABETICAL</option>
                    <option value="hits">JGLOBAL_MOST_HITS</option>
                    <option value="ordering">COM_CAR_CARS_ORDER</option>
                </field>
                <field
                    name="car_initial_direction"
                    type="radio"
                    label="COM_CAR_ORDER_DIRECTION_LABEL"
                    description="COM_CAR_CARS_ORDER_DIRECTION_DESC"
                    class="btn-group"
                    default="ASC"
		        >
                    <option value="DESC">COM_CAR_ORDER_DIRECTION_DESCENDING_LABEL</option>
                    <option value="ASC">COM_CAR_ORDER_DIRECTION_ASCENDING_LABEL</option>
                </field>
                <field
                    name="show_car_filter_field"
                    type="list"
                    label="JGLOBAL_FILTER_FIELD_LABEL"
                    description="COM_CAR_CARS_FILTER_FIELD_DESC"
                    class="chzn-color"
                    default="name"
			    >
                    <option value="hide">JHIDE</option>
                    <option value="name">COM_CAR_FIELD_VALUE_NAME</option>
                    <option value="created_by">COM_CAR_FIELD_VALUE_CREATED_BY</option>
                    <option value="hits">JGLOBAL_HITS</option>
                </field>                
                <field
                    name="show_car_headings"
                    type="radio"
                    label="JGLOBAL_SHOW_HEADINGS_LABEL"
                    description="JGLOBAL_SHOW_HEADINGS_DESC"
                    class="btn-group btn-group-yesno"
                    default="1"
		        >
                    <option value="1">JSHOW</option>
                    <option value="0">JHIDE</option>
                </field>
                <field
                    name="show_car_pagination"
                    type="radio"
                    label="JGLOBAL_PAGINATION_LABEL"
                    description="JGLOBAL_PAGINATION_DESC"
                    class="btn-group btn-group-yesno"
                    default="2"
		        >
                    <option value="2">JGLOBAL_AUTO</option>
                    <option value="1">JSHOW</option>
                    <option value="0">JHIDE</option>
                </field>
                <field
                    name="show_car_pagination_results"
                    type="radio"
                    label="JGLOBAL_PAGINATION_RESULTS_LABEL"
                    description="JGLOBAL_PAGINATION_RESULTS_DESC"
                    class="btn-group btn-group-yesno"
                    default="1"
                >
                    <option value="1">JSHOW</option>
                    <option value="0">JHIDE</option>
                </field>
                <field
                    name="show_car_pagination_limit"
                    type="radio"
                    label="COM_CAR_SHOW_PAGINATION_LIMIT_LABEL"
                    description="COM_CAR_CARS_SHOW_PAGINATION_LIMIT_DESC"
                    class="btn-group btn-group-yesno"
                    default="1"
		        >
                    <option value="1">JSHOW</option>
                    <option value="0">JHIDE</option>
                </field>
                <field
                    name="car_num_per_page"
                    type="list"
                    description="COM_CAR_CARS_NUM_PER_PAGE_DESC"
                    label="COM_CAR_CARS_NUM_PER_PAGE_LABEL"
			        class="chzn-color"
                    default="5"
                >
                    <option value="5">J5</option>
                    <option value="10">J10</option>
                    <option value="15">J15</option>
                    <option value="20">J20</option>
                    <option value="25">J25</option>
                    <option value="30">J30</option>
                    <option value="50">J50</option>
                    <option value="100">J100</option>
                    <option value="0">JALL</option>
                </field>
                <field
                    name="show_no_cars"
                    type="radio"
                    label="COM_CAR_CARS_NO_ITEMS_LABEL"
                    description="COM_CAR_CARS_NO_ITEMS_DESC"
                    class="btn-group btn-group-yesno"
                    default="1"
			    >
                    <option value="1">JSHOW</option>
                    <option value="0">JHIDE</option>
                </field>
                <field
                    name="show_car_add_link"
                    type="radio"
                    label="COM_CAR_SHOW_ADD_LINK_LABEL"
                    description="COM_CAR_CARS_SHOW_ADD_LINK_DESC"
                    class="btn-group btn-group-yesno"
                    default="1"
		        >
                    <option value="1">JSHOW</option>
                    <option value="0">JHIDE</option>
                </field>
                <field
                    name="list_show_car_date"
                    type="radio"
                    label="COM_CAR_SHOW_DATE_LABEL"
                    description="COM_CAR_CARS_SHOW_DATE_DESC"
                    class="btn-group"
                    default="0"
		        >
                    <option value="0">JHIDE</option>
                    <option value="created">JGLOBAL_CREATED</option>
                    <option value="publish_up">COM_CAR_FIELD_VALUE_PUBLISH_UP</option>
                    <option value="modified">JGLOBAL_MODIFIED</option>
                </field>
                <field
                    name="car_date_format"
                    type="text"
                    label="JGLOBAL_DATE_FORMAT_LABEL"
                    description="JGLOBAL_DATE_FORMAT_DESC"
                    size="15"
		        />
                <field
                    name="list_show_car_hits"
                    type="radio"
                    label="COM_CAR_LIST_HITS_LABEL"
                    description="COM_CAR_CARS_LIST_HITS_DESC"
                    class="btn-group btn-group-yesno"
                    default="1"
		        >
                    <option value="1">JSHOW</option>
                    <option value="0">JHIDE</option>
                </field>
                <field
                    name="list_show_car_created_by"
                    type="radio"
                    label="COM_CAR_LIST_CREATED_BY_LABEL"
                    description="COM_CAR_CARS_LIST_CREATED_BY_DESC"
                    class="btn-group btn-group-yesno"
                    default="1"
		        >
                    <option value="1">JSHOW</option>
                    <option value="0">JHIDE</option>
                </field>
                <field
                    name="list_show_car_ordering"
                    type="radio"
                    label="COM_CAR_LIST_ORDERING_LABEL"
                    description="COM_CAR_CARS_LIST_ORDERING_DESC"
                    class="btn-group btn-group-yesno"
                    default="0"
		        >
                    <option value="1">JSHOW</option>
                    <option value="0">JHIDE</option>
                </field>
            </fieldset>
            <fieldset
                name="categories"
                label="JCATEGORIES"
                description="COM_CAR_FIELD_CONFIG_CATEGORIES_DESC"
	        >
                <field
                    name="show_categories_base_description"
                    type="radio"
                    label="JGLOBAL_FIELD_SHOW_BASE_DESCRIPTION_LABEL"
                    description="JGLOBAL_FIELD_SHOW_BASE_DESCRIPTION_DESC"
                    class="btn-group btn-group-yesno"
                    default="1"
		        >
                    <option value="1">JSHOW</option>
                    <option value="0">JHIDE</option>
                </field>
                <field
                    name="show_empty_categories"
                    type="radio"
                    label="JGLOBAL_SHOW_EMPTY_CATEGORIES_LABEL"
                    description="COM_CAR_SHOW_EMPTY_CATEGORIES_DESC"
                    class="btn-group btn-group-yesno"
                    default="1"
		        >
                    <option value="1">JSHOW</option>
                    <option value="0">JHIDE</option>
                </field>
                <field
                    name="show_subcategories_desc"
                    type="radio"
                    label="JGLOBAL_SHOW_SUBCATEGORIES_DESCRIPTION_LABEL"
                    description="JGLOBAL_SHOW_SUBCATEGORIES_DESCRIPTION_DESC"
                    class="btn-group btn-group-yesno"
                    default="1"
		        >
                    <option value="1">JSHOW</option>
                    <option value="0">JHIDE</option>
                </field>
                <field
                    name="show_categories_max_level"
                    type="list"
                    label="JGLOBAL_MAXIMUM_CATEGORY_LEVELS_LABEL"
                    description="JGLOBAL_MAXIMUM_CATEGORY_LEVELS_DESC"
			        class="chzn-color"
                    default="-1"
		        >
                    <option value="-1">JALL</option>
                    <option value="1">J1</option>
                    <option value="2">J2</option>
                    <option value="3">J3</option>
                    <option value="4">J4</option>
                    <option value="5">J5</option>
                </field>
                <field
                    name="show_categories_noauth"
                    type="radio"
                    label="COM_CAR_SHOW_UNAUTH_LINKS_LABEL"
                    description="COM_CAR_SHOW_CATEGORY_UNAUTH_LINKS_DESC"
                    class="btn-group btn-group-yesno"
                    default="1"
		        >
                    <option	value="1">JYES</option>
                    <option	value="0">JNO</option>
                </field>
                <field
                    name="items_to_display"
                    type="list"
                    label="COM_CAR_CATEGORY_ITEMS_TO_DISPLAY_LABEL"
                    description="COM_CAR_CATEGORY_ITEMS_TO_DISPLAY_DESC"
			        class="chzn-color"
                default=""
		        >
                    <option value="">JNONE</option>
                    <option value="Cars">COM_CAR_CARS</option>
                </field>
                <field
                    name="show_categories_num_items"
                    type="radio"
                    label="COM_CAR_NUMBER_CATEGORY_ITEMS_LABEL"
                    description="COM_CAR_NUMBER_CATEGORY_ITEMS_DESC"
                    class="btn-group btn-group-yesno"
                    default="1"
		        >
                    <option value="1">JSHOW</option>
                    <option value="0">JHIDE</option>
                </field>
            </fieldset>
            <fieldset
                name="Category"
                label="JCATEGORY"
                description="COM_CAR_FIELD_CONFIG_CATEGORY_DESC"
	        >
                <field
                    id="category_component"
                    name="category_component"
                    type="component"
                    label="COM_CAR_FIELD_CATEGORY_COMPONENT_LABEL"
                    description="COM_CAR_FIELD_CATEGORY_COMPONENT_DESC"
                    extension="com_car"
                />
                <field
                    name="show_cat_title"
                    type="radio"
                    label="JGLOBAL_SHOW_CATEGORY_TITLE"
                    description="JGLOBAL_SHOW_CATEGORY_TITLE_DESC"
                    class="btn-group btn-group-yesno"
                    default="1"
		        >
                    <option value="1">JSHOW</option>
                    <option value="0">JHIDE</option>
                </field>
                <field
                    name="show_cat_description"
                    type="radio"
                    label="JGLOBAL_SHOW_CATEGORY_DESCRIPTION_LABEL"
                    description="JGLOBAL_SHOW_CATEGORY_DESCRIPTION_DESC"
                    class="btn-group btn-group-yesno"
                    default="1"
		        >
                    <option value="1">JSHOW</option>
                    <option value="0">JHIDE</option>
                </field>
                <field
                    name="show_cat_description_image"
                    type="radio"
                    label="JGLOBAL_SHOW_CATEGORY_IMAGE_LABEL"
                    description="JGLOBAL_SHOW_CATEGORY_IMAGE_DESC"
                    class="btn-group btn-group-yesno"
                    default="1"
		        >
                    <option value="1">JSHOW</option>
                    <option value="0">JHIDE</option>
                </field>
                <field
                    name="show_cat_subcat_heading"
                    type="radio"
                    label="JGLOBAL_SHOW_CATEGORY_HEADING_TITLE_TEXT_LABEL"
                    description="JGLOBAL_SHOW_CATEGORY_HEADING_TITLE_TEXT_DESC"
                    default="1"
		        >
                    <option value="1">JSHOW</option>
                    <option value="0">JHIDE</option>
                </field>                
                <field
                    name="show_empty_cat"
                    type="radio"
                    label="JGLOBAL_SHOW_EMPTY_CATEGORIES_LABEL"
                    description="COM_CAR_SHOW_EMPTY_CATEGORIES_DESC"
                    class="btn-group btn-group-yesno"
                    default="1"
		        >
                    <option value="1">JSHOW</option>
                    <option value="0">JHIDE</option>
                </field>
                <field
                    name="show_subcat_desc"
                    type="radio"
                    label="JGLOBAL_SHOW_SUBCATEGORIES_DESCRIPTION_LABEL"
                    description="JGLOBAL_SHOW_SUBCATEGORIES_DESCRIPTION_DESC"
                    class="btn-group btn-group-yesno"
                    default="1"
		        >
                    <option value="1">JSHOW</option>
                    <option value="0">JHIDE</option>
                </field>
                <field
                    name="show_category_max_level"
                    type="list"
                    label="JGLOBAL_MAXIMUM_CATEGORY_LEVELS_LABEL"
                    description="JGLOBAL_MAXIMUM_CATEGORY_LEVELS_DESC"
			        class="chzn-color"
                    default="-1"
		        >
                    <option value="-1">JALL</option>
                    <option value="1">J1</option>
                    <option value="2">J2</option>
                    <option value="3">J3</option>
                    <option value="4">J4</option>
                    <option value="5">J5</option>
                </field>
                <field
                    name="show_cat_noauth"
                    type="radio"
                    label="COM_CAR_SHOW_UNAUTH_LINKS_LABEL"
                    description="COM_CAR_SHOW_CATEGORY_UNAUTH_LINKS_DESC"
                    class="btn-group btn-group-yesno"
                    default="1"
		        >
                    <option	value="1">JYES</option>
                    <option	value="0">JNO</option>
                </field>
                <field
                    name="show_cat_num_items"
                    type="radio"
                    label="COM_CAR_NUMBER_CATEGORY_ITEMS_LABEL"
                    description="COM_CAR_NUMBER_CATEGORY_ITEMS_DESC"
                    class="btn-group btn-group-yesno"
                    default="1"
		        >
                    <option value="1">JSHOW</option>
                    <option value="0">JHIDE</option>
                </field>
                <field
                    name="show_cat_tags"
                    type="radio"
                    label="COM_CAR_FIELD_SHOW_CATEGORY_TAGS_LABEL"
                    description="COM_CAR_FIELD_SHOW_CATEGORY_TAGS_DESC"
                    class="btn-group btn-group-yesno"
                    default="1"
		        >
                    <option value="1">JSHOW</option>
                    <option value="0">JHIDE</option>
                </field>
            </fieldset>
            <fieldset
                name="global-permissions"
                label="COM_CAR_PERMISSIONS_LABEL"
                description="COM_CAR_PERMISSIONS_DESC"
	        >
                <field
                    name="rules"
                    type="rules"
                    label="COM_CAR_PERMISSIONS_LABEL"
                    filter="rules"
                    validate="rules"
                    component="com_car"
                    section="component"
		        />
            </fieldset>
        </fields>
    </config>    
</extension>

