<?xml version="1.0" encoding="utf-8"?>
<extension type="component" version="3.0" method="upgrade">
	<name>COM_IJOOMLAINSTALLER</name>
	<!-- The following elements are optional and free of formatting conttraints -->
	<creationDate>December 09, 2013</creationDate>
	<author>iJoomla</author>
	<authorEmail>webmaster2@ijoomla.com</authorEmail>
	<authorUrl>www.iJoomla.com</authorUrl>
	<copyright>C) 2011 iJoomla.com</copyright>
	<license>http://www.gnu.org/licenses/gpl-2.0.html GNU/GPL</license>
	<!--  The version string is recorded in the components table -->
	<version>1.0.0</version>
	<!-- The description is optional and defaults to the name -->
	<description></description>
	
 	<!-- Administrator File Copy -->
	<administration>
		<!-- Administrator language File Copy -->
		<languages folder="admin">
				<language tag="en-GB">language/en-GB/en-GB.com_ijoomlainstaller.ini</language>
				<language tag="en-GB">language/en-GB/en-GB.com_ijoomlainstaller.sys.ini</language>				
		</languages>
	
		<!-- Administration Menu Section -->
		<menu>COM_IJOOMLAINSTALLER</menu>
		<submenu></submenu>
		
		<files folder="admin">
			<filename>ijoomlainstaller.php</filename>
			<filename>controller.php</filename>
			<filename>index.html</filename>
			<folder>controllers</folder>
			<folder>css</folder>
			<folder>images</folder>
			<folder>models</folder>
			<folder>views</folder>
			<folder>helpers</folder>
		</files>		
	</administration>
</extension>